time,weathercode,temperature_2m_max,temperature_2m_min,precipitation_sum,month-day
2023-08-14,61,20.3,13.9,10.0,814
2023-06-10,51,24.6,13.8,0.1,610
2023-10-09,3,20.6,13.0,0.0,1009
2023-05-18 00:00:00,51,17.8,11.0,0.4,518
2023-05-19 00:00:00,53,17.2,10.3,1.8,519
2023-05-20 00:00:00,3,17.6,8.6,0.0,520
2023-05-21 00:00:00,3,18.6,7.3,0.0,521
2023-05-22 00:00:00,3,20.0,8.6,0.0,522
2023-05-23 00:00:00,3,16.5,9.4,0.0,523
2023-05-24 00:00:00,1,19.6,9.2,0.0,524
2023-05-25 00:00:00,3,18.9,10.0,0.0,525
2023-05-26 00:00:00,1,18.4,9.4,0.0,526
2023-05-27 00:00:00,0,19.6,7.4,0.0,527
2023-05-28 00:00:00,3,20.1,10.6,0.0,528
2023-05-29 00:00:00,3,17.0,8.7,0.0,529
2023-05-30 00:00:00,3,18.0,7.8,0.0,530
2023-05-31 00:00:00,51,18.1,11.2,0.1,531
2023-06-01 00:00:00,3,18.8,9.5,0.0,601
2023-06-02 00:00:00,3,17.8,9.8,0.0,602
2023-06-03 00:00:00,1,20.1,7.7,0.0,603
2023-06-04 00:00:00,0,20.7,9.3,0.0,604
2023-06-05 00:00:00,2,18.7,8.7,0.0,605
2023-06-06 00:00:00,3,17.6,10.2,0.0,606
2023-06-07 00:00:00,2,20.8,9.4,0.0,607
2023-06-08 00:00:00,1,22.0,9.1,0.0,608
2023-06-09 00:00:00,1,24.7,11.0,0.0,609
2023-06-10 00:00:00,51,24.6,13.8,0.1,610
2023-06-11 00:00:00,63,24.5,15.5,10.3,611
2023-06-12 00:00:00,63,24.1,16.5,15.9,612
2023-06-13 00:00:00,2,26.0,16.2,0.0,613
2023-06-14 00:00:00,3,25.1,12.5,0.0,614
2023-06-15 00:00:00,3,24.7,15.8,0.0,615
2023-06-16 00:00:00,3,25.2,13.9,0.0,616
2023-06-17 00:00:00,53,22.8,16.2,4.7,617
2023-06-18 00:00:00,61,22.1,15.3,5.6,618
2023-06-19 00:00:00,51,22.1,14.3,0.4,619
2023-06-20 00:00:00,63,21.0,14.7,9.9,620
2023-06-21 00:00:00,51,21.6,14.0,1.4,621
2023-06-22 00:00:00,51,22.7,13.7,0.7,622
2023-06-23 00:00:00,3,22.9,14.6,0.0,623
2023-06-24 00:00:00,51,24.3,16.7,0.6,624
2023-06-25 00:00:00,2,25.8,15.2,0.0,625
2023-06-26 00:00:00,3,19.5,14.2,0.0,626
2023-06-27 00:00:00,53,20.0,14.1,1.1,627
2023-06-28 00:00:00,53,21.9,16.9,1.4,628
2023-06-29 00:00:00,51,19.5,14.0,0.6,629
2023-06-30 00:00:00,51,18.0,12.1,1.4,630
2023-07-01 00:00:00,51,19.6,14.3,0.1,701
2023-07-02 00:00:00,3,17.7,12.4,0.0,702
2023-07-03 00:00:00,51,18.3,12.2,0.8,703
2023-07-04 00:00:00,61,15.7,11.9,10.3,704
2023-07-05 00:00:00,51,17.6,10.8,0.2,705
2023-07-06 00:00:00,51,19.1,11.9,0.1,706
2023-07-07 00:00:00,2,24.5,13.2,0.0,707
2023-07-08 00:00:00,63,22.5,15.8,9.8,708
2023-07-09 00:00:00,53,20.8,13.3,2.5,709
2023-07-10 00:00:00,63,20.7,13.0,10.4,710
2023-07-11 00:00:00,55,19.4,14.3,2.4,711
2023-07-12 00:00:00,51,19.0,13.5,1.2,712
2023-07-13 00:00:00,51,19.1,14.0,0.4,713
2023-07-14 00:00:00,63,18.7,14.5,18.8,714
2023-07-15 00:00:00,63,17.5,14.8,19.5,715
2023-07-16 00:00:00,53,17.7,13.4,2.0,716
2023-07-17 00:00:00,51,18.3,12.5,0.5,717
2023-07-18 00:00:00,53,19.0,12.0,1.7,718
2023-07-19 00:00:00,51,20.7,14.5,0.8,719
2023-07-20 00:00:00,51,18.6,11.3,1.1,720
2023-07-21 00:00:00,51,18.9,9.4,0.5,721
2023-07-22 00:00:00,61,16.1,13.5,15.2,722
2023-07-23 00:00:00,51,19.7,14.7,0.8,723
2023-07-24 00:00:00,53,18.2,13.1,1.8,724
2023-07-25 00:00:00,51,18.5,10.9,0.2,725
2023-07-26 00:00:00,53,18.0,9.5,5.1,726
2023-07-27 00:00:00,51,20.4,16.2,0.5,727
2023-07-28 00:00:00,51,20.2,14.8,1.4,728
2023-07-29 00:00:00,51,19.0,14.6,0.6,729
2023-07-30 00:00:00,51,18.1,14.4,3.2,730
2023-07-31 00:00:00,53,18.0,15.0,3.5,731
2023-08-01 00:00:00,61,18.8,13.6,3.0,801
2023-08-02 00:00:00,61,18.6,15.2,10.6,802
2023-08-03 00:00:00,53,19.0,14.5,1.3,803
2023-08-04 00:00:00,53,18.2,13.2,0.8,804
2023-08-05 00:00:00,63,18.7,12.7,12.5,805
2023-08-06 00:00:00,51,18.2,10.8,0.8,806
2023-08-07 00:00:00,51,18.2,9.3,0.1,807
2023-08-08 00:00:00,53,18.2,12.7,2.2,808
2023-08-09 00:00:00,3,21.7,13.9,0.0,809
2023-08-10 00:00:00,51,25.0,14.3,0.1,810
2023-08-11 00:00:00,51,22.1,15.6,0.4,811
2023-08-12 00:00:00,53,20.1,14.8,1.7,812
2023-08-13 00:00:00,51,19.3,15.2,0.6,813
2023-08-14 00:00:00,61,20.3,13.9,10.0,814
2023-08-15 00:00:00,51,20.7,13.0,0.8,815
2023-08-16 00:00:00,51,22.2,12.0,0.1,816
2023-08-17 00:00:00,51,22.7,14.0,0.1,817
2023-08-18 00:00:00,55,21.0,16.7,9.8,818
2023-08-19 00:00:00,51,21.1,15.8,1.8,819
2023-08-20 00:00:00,51,21.6,14.7,0.9,820
2023-08-21 00:00:00,51,21.4,13.2,0.1,821
2023-08-22 00:00:00,3,20.3,14.2,0.0,822
2023-08-23 00:00:00,51,22.2,13.0,0.5,823
2023-08-24 00:00:00,51,21.3,13.7,0.1,824
2023-08-25 00:00:00,61,17.5,10.3,3.6,825
2023-08-26 00:00:00,61,17.6,12.0,7.7,826
2023-08-27 00:00:00,51,17.5,11.1,0.5,827
2023-08-28 00:00:00,51,17.9,11.5,0.4,828
2023-08-29 00:00:00,51,17.6,10.0,1.1,829
2023-08-30 00:00:00,51,18.3,10.9,0.3,830
2023-08-31 00:00:00,61,17.4,11.1,7.0,831
2023-09-01 00:00:00,51,20.1,13.3,0.4,901
2023-09-02 00:00:00,51,21.7,12.7,0.4,902
2023-09-03 00:00:00,3,23.7,12.8,0.0,903
2023-09-04 00:00:00,0,27.1,15.2,0.0,904
2023-09-05 00:00:00,0,27.3,15.0,0.0,905
2023-09-06 00:00:00,3,27.6,15.2,0.0,906
2023-09-07 00:00:00,51,27.9,18.5,0.1,907
2023-09-08 00:00:00,51,27.8,18.7,0.1,908
2023-09-09 00:00:00,3,27.6,17.6,0.0,909
2023-09-10 00:00:00,63,25.3,17.6,7.0,910
2023-09-11 00:00:00,51,21.6,16.4,0.5,911
2023-09-12 00:00:00,53,20.7,14.7,1.0,912
2023-09-13 00:00:00,3,18.9,11.3,0.0,913
2023-09-14 00:00:00,3,19.2,13.8,0.0,914
2023-09-15 00:00:00,3,20.8,12.8,0.0,915
2023-09-16 00:00:00,61,19.4,13.4,9.9,916
2023-09-17 00:00:00,61,18.6,14.7,9.4,917
2023-09-18 00:00:00,55,17.2,14.1,1.7,918
2023-09-19 00:00:00,53,18.7,14.2,1.7,919
2023-09-20 00:00:00,61,17.1,12.6,13.2,920
2023-09-21 00:00:00,63,16.1,9.9,5.8,921
2023-09-22 00:00:00,3,15.6,7.2,0.0,922
2023-09-23 00:00:00,3,15.6,7.6,0.0,923
2023-09-24 00:00:00,51,19.1,15.0,1.0,924
2023-09-25 00:00:00,51,19.2,14.0,0.1,925
2023-09-26 00:00:00,53,19.0,11.8,2.0,926
2023-09-27 00:00:00,51,19.1,11.0,0.8,927
2023-09-28 00:00:00,55,16.9,14.5,3.5,928
2023-09-29 00:00:00,53,17.4,12.5,1.0,929
2023-09-30 00:00:00,3,17.4,10.8,0.0,930
2023-10-01 00:00:00,51,20.0,16.7,0.3,1001
2023-10-02 00:00:00,61,18.2,13.2,13.5,1002
2023-10-03 00:00:00,3,16.3,11.9,0.0,1003
2023-10-04 00:00:00,51,16.3,12.2,0.2,1004
2023-10-05 00:00:00,3,17.4,13.1,0.0,1005
2023-10-06 00:00:00,3,18.3,13.3,0.0,1006
2023-10-07 00:00:00,3,20.5,14.3,0.0,1007
2023-10-08 00:00:00,2,20.8,10.4,0.0,1008
2023-10-09 00:00:00,3,20.6,13.0,0.0,1009
2023-10-10 00:00:00,3,17.8,12.6,0.0,1010
2023-10-11 00:00:00,61,18.4,15.4,5.9,1011
2023-10-12 00:00:00,63,15.5,11.9,9.8,1012
2023-10-13 00:00:00,63,18.5,9.5,25.0,1013
2023-10-14 00:00:00,51,12.6,7.0,0.1,1014
2023-10-15 00:00:00,1,10.9,3.7,0.0,1015
2023-10-16 00:00:00,3,11.9,4.0,0.0,1016
2023-10-17 00:00:00,51,13.7,8.8,0.1,1017
2023-10-18 00:00:00,63,13.2,11.0,20.5,1018
2023-10-19 00:00:00,55,16.6,13.2,6.0,1019
2023-10-20 00:00:00,63,14.5,12.1,18.6,1020
